{
  "ext/controller/Custom-dbg.js": 1762307744500,
  "manifest.json": 1762485114800,
  "ext/controller/Create.js": 1762307744500,
  "ext/controller/Custom.js": 1762307744500,
  "Component.js": 1762307744499,
  "i18n/i18n.properties": 1762312595898,
  "ext/controller/Custom.js.map": 1762485115128,
  "ext/controller/Create-dbg.js": 1762307744500,
  "ext/controller/Create.js.map": 1762485115119,
  "Component-dbg.js": 1762307744499,
  "Component.js.map": 1762485115102,
  "Component-preload.js": 1762485115393,
  "Component-preload.js.map": 1762485115393,
  "index.html": 1762307744502
}